job_title,company_name,time_posted,num_applicants
Reactjs Developer,Zortech Solutions,5 months ago,
Web Developer,Epic Notion,3 weeks ago,
"Frontend Engineer, Elements",Stripe,,
Front End Engineer,Network to Code,2 weeks ago,
Remote Front End Web Developer,Column Technical Services,1 month ago,100 applicants
,,,
Frontend Developer,facilis.ai,1 week ago,
Frontend Engineer (Fully Remote),CSV Now,4 months ago,
Frontend developer,Smartcat,5 months ago,
Frontend JavaScript Developer,Software Technology Inc.,2 weeks ago,120 applicants
Frontend developer,Stellent IT,2 weeks ago,113 applicants
Frontend Engineer,HatchPros,5 days ago,
,,,
Front-end Web Developer/Engineer,UNLEADED,1 week ago,
Front End Developer,"Spectrum Communications & Consulting, LLC.",2 months ago,200 applicants
"Frontend Developer Hermitage, Tennessee(Remote)",Stellent IT,,
Frontend Developer,FPT Software,1 day ago,
Front End Web Developer,Latitude Inc,4 months ago,62 applicants
Front-End Developer,Interco,1 month ago,74 applicants
,,,
